{
  "integrations": [
    {
      "id": "4f6cab6d-8542-4e2e-b6b6-b7e0f028f663",
      "name": "Outbound from email",
      "action": "CREATE_EVENT_SIMPLE",
      "type": "INBOUND_WEBHOOK",
      "deployed": true,
      "form": "c716ebcb-79f9-44d2-8834-5cfd8a455b73",
      "script": "var plan_id = '44bbcfcb-6e58-443a-9d5c-2ce3e384f3f6', form_id = 'c716ebcb-79f9-44d2-8834-5cfd8a455b73';\nvar xm_ver = 1;\n\nvar endpointpath = '/api/xm/' + xm_ver + '/plans/' + plan_id + '/forms/' + form_id + '/triggers';\n\nvar req = http.request({\n    method: 'POST',\n    endpoint: 'xMatters',\n    path: endpointpath,\n    headers: {\n        'Content-Type': 'application/json',\n    }\n});\n\n// Add requestId to payload\nvar payload = JSON.parse(request.body);\nif (!payload) {\n    payload = {};\n}\npayload.requestId = request.requestId;\npayload.integrationUUID = request.integrationUuid;\n\nvar response = req.write(payload);\n\n// If not 2xx response, throw exception to fail the integration\nif (response.statusCode >= 300) {\n    throw \"Failed to make call to xMatters endpoint. Path: \" + endpointpath + \". Server responded with status \" + response.statusCode;\n}\n\n",
      "environment": "HOSTED",
      "authType": "ANY"
    },
    {
      "id": "2a4037de-2c51-44b8-bec9-562774991cd5",
      "name": "Parse Inbound Email",
      "action": "RUN_SCRIPT",
      "type": "OUTBOUND_WEBHOOK",
      "triggeredBy": "STATUS",
      "deployed": true,
      "form": "b2260f50-0ecb-4a39-8318-b2fa835e813a",
      "script": "/******************************************************************************\n * Outbound integrations\n *\n * Outbound integrations are triggered when an xMatters system action occurs,\n * such as when an event status changes, a notification is delivered, or a\n * recipient responds to a message. These system actions are called 'triggers'.\n *\n * Outbound integrations can perform tasks such as initiating a follow-up \n * xMatters event when the status of an event changes or updating another \n * system in your toolchain when a user responds to a notification.\n *\n * xMatters passes information about the trigger to the outbound integration\n * as a JSON object in the body of the built-in request object. Your outbound\n * integration can process this data and use it in the script. (To include form\n * properties in the request data, select 'Include in Outbound Integrations'\n * from the property's settings on the form layout.)\n *\n * The following code shows how to parse in incoming email and trigger another\n * notification based on those parsed value.\n * \n * You can use it as a template and then customize it to work with your\n * integration.\n * \n * Required Shared Libraries:\n *   Email Parser\n * \n * Required Constants (to be populated with values appropriate to your needs.)\n *   EMAIL_FORM_TO_INITIATE_URL\n *       Relative URI of Form to initiate (API-KEY secured)\n *   EMAIL_PROPERTY_BODY\n *       Name of property in event that contains the email message body\n *       (e.g. eBodyText)\n *   EMAIL_PROPERTY_FROM - Name of property in event that contains the email\n *       message From (e.g. eFrom)\n *   EMAIL_PROPERTY_SUBJECT - Name of property in event that contains the email\n *       message subject (e.g. eSubject)\n *   PROPINFO_ARRAY = JSON Array that describes incoming property (type and\n *       style), and target property.\n *   DEFAULT_RECIPIENT_ID - Optional targetName of the default recipient \n *       (e.g. Group Name, User ID)\n *   DEFAULT_RECIPIENT_TYPE - Optional recipient type to use with \n *       DEFAULT_RECIPIENT_ID (e.g. GROUP, PERSON or DEVICE)\n * \n * payload.eventProperties:\n *  For this example to work you need to make sure that you have the following\n *  properties marked as \"Include in Outbound Integrations\". (click the little\n *  gear next to the Property name in the Form's Layout.)\n *  In this template, we have already done this for these Properties:\n *   eFrom\n *   eSubject\n *   eBodyText\n *   eBodyHTML (Not used in this example)\n * \n ******************************************************************************/\n\n// Load the shared library\nvar eParser = require('Email Parser');\n    \n// Parse and fixup the payload data\nvar payload = JSON.parse(request.body);\neParser.fixPayload(payload);\n\n// Only run this when the form has an ACTIVE status (i.e. start)\nif (\"active\".equalsIgnoreCase(payload.status)) {\n\n    // Trigger object to use when initiating the chained form\n    var trigger = {};\n\n    /*\n     * Array that describes incoming property (type and style), \n     *     and target property.\n     * Array elements are objects as follows\n     *     propName: \n     *         Name of property to search for in the source\n     *     propValueTerminator: \n     *         If value is a specific length, then use that number here\n     *         If value is variable length, then use the next string in the\n     *             payload as a value terminator.\n     *             This terminator can be something like \"\\n\", or another next\n     *             value like \"Business Criticality\"\n     *     isSingleton:\n     *         If true, return the first occurance\n     *         If false, use the optional field \"delim\" to define separator\n     *     delim: (Optional)\n     *         If isSingleton is true, then put this string between the \n     *         parsed / found values\n     *     targetPropName:\n     *         The name of the property to populate in the target object\n     */\n    var propsToParse = JSON.parse(constants.PROPINFO_ARRAY);\n\n    // Parse the incoming email body\n    var emailBody =  payload.eventProperties[constants.EMAIL_PROPERTY_BODY];\n    var properties = {};\n    for (var ptp in propsToParse) {\n        var prop = propsToParse[ptp];\n        console.log(\"Looking for incoming property [\" + prop.propName + \"]\");\n        properties[prop.targetPropName] = eParser.propParser(emailBody, prop);\n        console.log(\"properties[\" + prop.targetPropName + \"] = [\" + \n            properties[prop.targetPropName] + \"]\");\n    }\n    \n    // Add the parsed properties to the Trigger object\n    trigger.properties = properties;\n\n    // Add in the Subject from the inbound email\n    trigger.properties[constants.EMAIL_PROPERTY_SUBJECT] = \n    \tpayload.eventProperties[constants.EMAIL_PROPERTY_SUBJECT];\n\n    // Add in the From information from the inbound email\n    trigger.properties[constants.EMAIL_PROPERTY_FROM] = \n    \tpayload.eventProperties[constants.EMAIL_PROPERTY_FROM];\n\n    // Add in recipients (if specififed), otherwise only target Subscribers\n    if ((typeof constants.DEFAULT_RECIPIENT_TYPE !== \"undefined\") && \n        (constants.DEFAULT_RECIPIENT_TYPE.length > 0) &&\n        (typeof constants.DEFAULT_RECIPIENT_ID !== \"undefined\") && \n        (constants.DEFAULT_RECIPIENT_ID.length > 0)) {\n        var recipients = [];\n        recipients.push(\n        \t{\n        \t\t\"recipientType\": constants.DEFAULT_RECIPIENT_TYPE, \n        \t\t\"id\": constants.DEFAULT_RECIPIENT_ID\n        \t});\n        trigger.recipients = recipients;\n    }\n\n    // Prepare for and trigger the new event\n    var triggerEventRequest = http.request({\n        'endpoint': 'xMatters',\n        'method': 'POST',\n        'path': constants.EMAIL_FORM_TO_INITIATE_URL,\n        'headers': {\n            'Content-Type': 'application/json'\n        }\n        \n    });\n    \n    // Trigger the Notification form\n    var triggerEventResponse = triggerEventRequest.write(trigger);\n\n    // Check out the result (202 == success/accepted)\n    if (triggerEventResponse.statusCode != 202 ) {\n        console.log('\\nError triggering the secondary notification event.\\n' +\n        \tJSON.stringify(triggerEventResponse,null,4));\n        return;\n    } \n\n}\n",
      "environment": "HOSTED",
      "authType": "NONE"
    }
  ],
  "endpoints": [],
  "constants": [
    {
      "name": "DEFAULT_RECIPIENT_ID",
      "description": "Optional targetName of the default recipient (e.g. Group Name, User ID)"
    },
    {
      "name": "DEFAULT_RECIPIENT_TYPE",
      "description": "Optional recipient type to use with DEFAULT_RECIPIENT_ID (e.g. GROUP, PERSON or DEVICE)"
    },
    {
      "name": "EMAIL_FORM_TO_INITIATE_URL",
      "value": "<GET THIS FROM AN INBOUND INTEGRATION FOR A FORM>",
      "description": "Relative URI of Form to initiate (API-KEY secured)"
    },
    {
      "name": "EMAIL_PROPERTY_BODY",
      "value": "eBodyText",
      "description": "Name of property in event that contains the email message body"
    },
    {
      "name": "EMAIL_PROPERTY_FROM",
      "value": "eFrom",
      "description": "Name of property in event that contains the email message From"
    },
    {
      "name": "EMAIL_PROPERTY_SUBJECT",
      "value": "eSubject",
      "description": "Name of property in event that contains the email message subject"
    },
    {
      "name": "PROPINFO_ARRAY",
      "value": "[\n{\"propName\": \"Prop1: \", \"propValueTerminator\": \"\\n\", \"isSingleton\": true, \"targetPropName\": \"Outbound Prop 1\"},\n{\"propName\": \"Prop2: \", \"propValueTerminator\": \"\\n\", \"isSingleton\": false, \"delim\": \",\", \"targetPropName\": \"Outbound Prop 2\"}\n]",
      "description": "JSON Array that describes incoming property (type and style), and target property."
    }
  ]
}