[
  {
    "name": "Email Parser",
    "script": "/*******************************************************************************\n * This shared library contains functions that can be used to parse\n * a structured email payload based on parameters.\n *\n * To use this function in another script, include the following statements.\n *\n *  var eParser = require('Email Parser');\n *  var parsedProperty = eParser.propParser(emailTextBody, propParserInfo);\n *\n *  The `propParserInfo` argument is an object that contains metadata that the\n *  parser uses to find and extract various types of values.\n *\n *  An occurance/instance of the propInfo object should contain the following\n *  fields\n *     propName: \n *         Name of property to search for in the source\n *     propValueTerminator: \n *         If value is a specific length, then use that number here\n *         If value is variable length, then use the next string in the payload\n *             as a value terminator.\n *             This terminator can be something like \"\\n\", or another next value\n *             like \"Business Criticality\".\n *     isSingleton:\n *         If true, return the first occurance\n *         If false, use the optional field \"delim\" to define separator\n *     delim: (Optional)\n *         If isSingleton is true, then put this string between the found values\n *     targetPropName:\n *         The name of the property to populate in the target object\n * \n *  You may create an array of Property Parser Info objects, and run through\n *  them iteratively.\n * \n *  Here is an example of defining a propInfo array and iterating over it:\n    var propsToParse = [\n        {\"propName\": \"Priority: \", \"propValueTerminator\": 1, \n         \"isSingleton\": true, \"targetPropName\": \"Priority\"},\n        {\"propName\": \"Application Impacted: \", \"propValueTerminator\": \" \",\n         \"isSingleton\": false, \"delim\": \",\",\n         \"targetPropName\": \"Impacted Application List\"}\n    ];\n    // Parse the incoming email body\n    var emailBody =  payload.eventProperties[constants.EMAIL_BODY_PROPERTY];\n    var properties = {};\n    for (var ptp in propsToParse) {\n        var prop = propsToParse[ptp];\n        console.log(\"Looking for incoming property [\" + prop.propName + \"]\");\n        properties[prop.targetPropName] = propParser(emailBody, prop);\n        console.log(\"properties[\" + prop.targetPropName + \"] = [\" +\n            properties[prop.targetPropName] + \"]\");\n    }\n * \n * History:\n *  2018-10-08 - v1.0 - Initial release\n * \n ******************************************************************************/\n\n\n/**\n * Parses the data property based on the descriptor contained in propInfo\n *\n * @param {string} Text version of incoming email body\n * @param {object} An instance of a propInfo object\n * The propInfo object should contain the folllowing fields\n *     propName: \n *         Name of property to search for in the source\n *     propValueTerminator: \n *         If value is a specific length, then use that number here\n *         If value is variable length, then use the next string in the payload\n *             as a value terminator.\n *             This terminator can be something like \"\\n\", or another next value\n *             like \"Business Criticality\".\n *     isSingleton:\n *         If true, return the first occurance\n *         If false, use the optional field \"delim\" to define separator\n *     delim: (Optional)\n *         If isSingleton is true, then put this string between the found values\n *     targetPropName:\n *         The name of the property to populate in the target object\n * \n * @returns {string} containing the data value that was found.\n * \n */\nfunction propParser(data, propInfo) {\n\n    // If we are looking for a single value\n    if (propInfo.isSingleton) {\n        var result = extractValue(data, 0, propInfo.propName, \n        \tpropInfo.propValueTerminator);\n        return (null === result) ? \"\" : result.value;\n        \n    // Iterate through data, collecting multiple values\n    } else {\n        var iterResults = [];\n        var iterResult = null;\n        var startPos = 0;\n        do {\n            iterResult = extractValue(data, startPos, propInfo.propName,\n            \tpropInfo.propValueTerminator);\n            if (null !== iterResult) {\n                iterResults.push(iterResult.value);\n                startPos = iterResult.nextStart;\n            }\n        } while (null !== iterResult);\n        return iterResults.join(propInfo.delim);\n    }\n\n}\nexports.propParser = propParser;\n\n/**\n * Extracts the value from data based on startPos, startStr and endStrOrLen\n * \n * Returns null, or if found, an object as follows:\n *     \"value\": The data item extracted\n *     \"nextStart\": Position in data to start a subsequent search\n */\nfunction extractValue(data, startPos, startStr, endStrOrLen) {\n    console.log(\"exractValue - startPos = [\" + startPos + \"], startStr = [\" +\n    \tstartStr + \"], endStrOrLen = [\" + endStrOrLen + \"]\");\n\n    var value = null;\n    var nextStart = 0;\n    \n    // Find the start position of the properties value\n    subStrStart = data.indexOf(startStr, startPos);\n    \n    // If the startStr is not found, just return null\n    if (subStrStart === -1) return null;\n\n    /* if the type of data in endStrOrLen is a String, then look for\n     * that value to delimit the data.\n     * Otherwise, the numeric value represents the length of the data\n     * value to return.\n     */\n    subStrStart += startStr.length;\n    if (typeof endStrOrLen === \"string\") {\n        // Use substrubg(startPos, endPosNonInclusive)\n        nextStart = subStrStart + \n        \tdata.substring(subStrStart).indexOf(endStrOrLen);\n        value = data.substring(subStrStart, nextStart).trim();\n        \n    } else {\n        // Use substr(startPos, Length)\n        nextStart = subStrStart + endStrOrLen;\n        value = data.substr(subStrStart, endStrOrLen);\n    }\n    \n    console.log(\"exractValue - value = [\" + value + \"], nextStart = [\" +\n    \tnextStart + \"]\");\n    return {\"value\":value, \"nextStart\":nextStart};\n}\n\n\n/**\n * Form properties are included in the payload when they are marked as\n * 'Include in Outbound Integrations' on the form layout.\n *\n * Transform the eventProperties object so that\n * you can access form properties using dot notation.\n */\nfunction fixPayload(payload) {\n    if (payload.eventProperties && Array.isArray(payload.eventProperties)) {\n        var eventProperties = payload.eventProperties;\n        payload.eventProperties = {};\n    \n        for (var i = 0; i < eventProperties.length; i++) {\n            var eventProperty = eventProperties[i];\n            var key = Object.keys(eventProperty)[0];\n            payload.eventProperties[key] = eventProperty[key];\n          }\n    }\n}\nexports.fixPayload = fixPayload;"
  }
]